time,dataset,finetuned_classifier_acc,aggregation,k,batch_size,seed,srocc,plcc
1692173730.869717,csiq,82.1,average score,9,2,5,0.481132064544251,0.4652098954124316
1692178836.5938332,tid2013,81.0,averaging,9,16,5,0.6027841343200185,0.6133697348973657
1692181454.6966248,kadid10k,92.8,averaging,9,16,5,0.151553136952807,0.151596279255338
1692196150.8964045,tid2013,81.0,averaging,9,32,5,0.9106330278647964,0.915199285530746
1692197098.4366128,kadid10k,92.80000000000001,averaging,9,32,5,[0.9377686286697265],[0.9398790898113207]
